{
  "ABIRoot": {
    "kind": "Root",
    "name": "TopLevel",
    "printedName": "TopLevel",
    "children": [
      {
        "kind": "Import",
        "name": "UIKit",
        "printedName": "UIKit",
        "declKind": "Import",
        "moduleName": "EdgeCenterVideoBufferHandler"
      },
      {
        "kind": "Import",
        "name": "Vision",
        "printedName": "Vision",
        "declKind": "Import",
        "moduleName": "EdgeCenterVideoBufferHandler"
      },
      {
        "kind": "Import",
        "name": "UIKit",
        "printedName": "UIKit",
        "declKind": "Import",
        "moduleName": "EdgeCenterVideoBufferHandler"
      },
      {
        "kind": "Import",
        "name": "Foundation",
        "printedName": "Foundation",
        "declKind": "Import",
        "moduleName": "EdgeCenterVideoBufferHandler"
      },
      {
        "kind": "Import",
        "name": "AVFoundation",
        "printedName": "AVFoundation",
        "declKind": "Import",
        "moduleName": "EdgeCenterVideoBufferHandler"
      },
      {
        "kind": "Import",
        "name": "Foundation",
        "printedName": "Foundation",
        "declKind": "Import",
        "moduleName": "EdgeCenterVideoBufferHandler"
      },
      {
        "kind": "Import",
        "name": "AVFoundation",
        "printedName": "AVFoundation",
        "declKind": "Import",
        "moduleName": "EdgeCenterVideoBufferHandler"
      },
      {
        "kind": "Import",
        "name": "UIKit",
        "printedName": "UIKit",
        "declKind": "Import",
        "moduleName": "EdgeCenterVideoBufferHandler"
      },
      {
        "kind": "Import",
        "name": "UIKit",
        "printedName": "UIKit",
        "declKind": "Import",
        "moduleName": "EdgeCenterVideoBufferHandler"
      },
      {
        "kind": "Import",
        "name": "AVFoundation",
        "printedName": "AVFoundation",
        "declKind": "Import",
        "moduleName": "EdgeCenterVideoBufferHandler"
      },
      {
        "kind": "Import",
        "name": "UIKit",
        "printedName": "UIKit",
        "declKind": "Import",
        "moduleName": "EdgeCenterVideoBufferHandler"
      },
      {
        "kind": "TypeDecl",
        "name": "EdgeCenterVideoBufferHandlerMode",
        "printedName": "EdgeCenterVideoBufferHandlerMode",
        "children": [
          {
            "kind": "Var",
            "name": "normal",
            "printedName": "normal",
            "children": [
              {
                "kind": "TypeFunc",
                "name": "Function",
                "printedName": "(EdgeCenterVideoBufferHandler.EdgeCenterVideoBufferHandlerMode.Type) -> EdgeCenterVideoBufferHandler.EdgeCenterVideoBufferHandlerMode",
                "children": [
                  {
                    "kind": "TypeNominal",
                    "name": "EdgeCenterVideoBufferHandlerMode",
                    "printedName": "EdgeCenterVideoBufferHandler.EdgeCenterVideoBufferHandlerMode",
                    "usr": "s:28EdgeCenterVideoBufferHandler0abcdE4ModeO"
                  },
                  {
                    "kind": "TypeNominal",
                    "name": "Metatype",
                    "printedName": "EdgeCenterVideoBufferHandler.EdgeCenterVideoBufferHandlerMode.Type",
                    "children": [
                      {
                        "kind": "TypeNominal",
                        "name": "EdgeCenterVideoBufferHandlerMode",
                        "printedName": "EdgeCenterVideoBufferHandler.EdgeCenterVideoBufferHandlerMode",
                        "usr": "s:28EdgeCenterVideoBufferHandler0abcdE4ModeO"
                      }
                    ]
                  }
                ]
              }
            ],
            "declKind": "EnumElement",
            "usr": "s:28EdgeCenterVideoBufferHandler0abcdE4ModeO6normalyA2CmF",
            "mangledName": "$s28EdgeCenterVideoBufferHandler0abcdE4ModeO6normalyA2CmF",
            "moduleName": "EdgeCenterVideoBufferHandler"
          },
          {
            "kind": "Var",
            "name": "blur",
            "printedName": "blur",
            "children": [
              {
                "kind": "TypeFunc",
                "name": "Function",
                "printedName": "(EdgeCenterVideoBufferHandler.EdgeCenterVideoBufferHandlerMode.Type) -> EdgeCenterVideoBufferHandler.EdgeCenterVideoBufferHandlerMode",
                "children": [
                  {
                    "kind": "TypeNominal",
                    "name": "EdgeCenterVideoBufferHandlerMode",
                    "printedName": "EdgeCenterVideoBufferHandler.EdgeCenterVideoBufferHandlerMode",
                    "usr": "s:28EdgeCenterVideoBufferHandler0abcdE4ModeO"
                  },
                  {
                    "kind": "TypeNominal",
                    "name": "Metatype",
                    "printedName": "EdgeCenterVideoBufferHandler.EdgeCenterVideoBufferHandlerMode.Type",
                    "children": [
                      {
                        "kind": "TypeNominal",
                        "name": "EdgeCenterVideoBufferHandlerMode",
                        "printedName": "EdgeCenterVideoBufferHandler.EdgeCenterVideoBufferHandlerMode",
                        "usr": "s:28EdgeCenterVideoBufferHandler0abcdE4ModeO"
                      }
                    ]
                  }
                ]
              }
            ],
            "declKind": "EnumElement",
            "usr": "s:28EdgeCenterVideoBufferHandler0abcdE4ModeO4bluryA2CmF",
            "mangledName": "$s28EdgeCenterVideoBufferHandler0abcdE4ModeO4bluryA2CmF",
            "moduleName": "EdgeCenterVideoBufferHandler"
          },
          {
            "kind": "Var",
            "name": "detectFaceAndBlur",
            "printedName": "detectFaceAndBlur",
            "children": [
              {
                "kind": "TypeFunc",
                "name": "Function",
                "printedName": "(EdgeCenterVideoBufferHandler.EdgeCenterVideoBufferHandlerMode.Type) -> EdgeCenterVideoBufferHandler.EdgeCenterVideoBufferHandlerMode",
                "children": [
                  {
                    "kind": "TypeNominal",
                    "name": "EdgeCenterVideoBufferHandlerMode",
                    "printedName": "EdgeCenterVideoBufferHandler.EdgeCenterVideoBufferHandlerMode",
                    "usr": "s:28EdgeCenterVideoBufferHandler0abcdE4ModeO"
                  },
                  {
                    "kind": "TypeNominal",
                    "name": "Metatype",
                    "printedName": "EdgeCenterVideoBufferHandler.EdgeCenterVideoBufferHandlerMode.Type",
                    "children": [
                      {
                        "kind": "TypeNominal",
                        "name": "EdgeCenterVideoBufferHandlerMode",
                        "printedName": "EdgeCenterVideoBufferHandler.EdgeCenterVideoBufferHandlerMode",
                        "usr": "s:28EdgeCenterVideoBufferHandler0abcdE4ModeO"
                      }
                    ]
                  }
                ]
              }
            ],
            "declKind": "EnumElement",
            "usr": "s:28EdgeCenterVideoBufferHandler0abcdE4ModeO17detectFaceAndBluryA2CmF",
            "mangledName": "$s28EdgeCenterVideoBufferHandler0abcdE4ModeO17detectFaceAndBluryA2CmF",
            "moduleName": "EdgeCenterVideoBufferHandler"
          },
          {
            "kind": "Var",
            "name": "blurBackground",
            "printedName": "blurBackground",
            "children": [
              {
                "kind": "TypeFunc",
                "name": "Function",
                "printedName": "(EdgeCenterVideoBufferHandler.EdgeCenterVideoBufferHandlerMode.Type) -> EdgeCenterVideoBufferHandler.EdgeCenterVideoBufferHandlerMode",
                "children": [
                  {
                    "kind": "TypeNominal",
                    "name": "EdgeCenterVideoBufferHandlerMode",
                    "printedName": "EdgeCenterVideoBufferHandler.EdgeCenterVideoBufferHandlerMode",
                    "usr": "s:28EdgeCenterVideoBufferHandler0abcdE4ModeO"
                  },
                  {
                    "kind": "TypeNominal",
                    "name": "Metatype",
                    "printedName": "EdgeCenterVideoBufferHandler.EdgeCenterVideoBufferHandlerMode.Type",
                    "children": [
                      {
                        "kind": "TypeNominal",
                        "name": "EdgeCenterVideoBufferHandlerMode",
                        "printedName": "EdgeCenterVideoBufferHandler.EdgeCenterVideoBufferHandlerMode",
                        "usr": "s:28EdgeCenterVideoBufferHandler0abcdE4ModeO"
                      }
                    ]
                  }
                ]
              }
            ],
            "declKind": "EnumElement",
            "usr": "s:28EdgeCenterVideoBufferHandler0abcdE4ModeO14blurBackgroundyA2CmF",
            "mangledName": "$s28EdgeCenterVideoBufferHandler0abcdE4ModeO14blurBackgroundyA2CmF",
            "moduleName": "EdgeCenterVideoBufferHandler",
            "intro_iOS": "15",
            "declAttributes": [
              "Available"
            ]
          },
          {
            "kind": "Var",
            "name": "backgroundWithImage",
            "printedName": "backgroundWithImage",
            "children": [
              {
                "kind": "TypeFunc",
                "name": "Function",
                "printedName": "(EdgeCenterVideoBufferHandler.EdgeCenterVideoBufferHandlerMode.Type) -> EdgeCenterVideoBufferHandler.EdgeCenterVideoBufferHandlerMode",
                "children": [
                  {
                    "kind": "TypeNominal",
                    "name": "EdgeCenterVideoBufferHandlerMode",
                    "printedName": "EdgeCenterVideoBufferHandler.EdgeCenterVideoBufferHandlerMode",
                    "usr": "s:28EdgeCenterVideoBufferHandler0abcdE4ModeO"
                  },
                  {
                    "kind": "TypeNominal",
                    "name": "Metatype",
                    "printedName": "EdgeCenterVideoBufferHandler.EdgeCenterVideoBufferHandlerMode.Type",
                    "children": [
                      {
                        "kind": "TypeNominal",
                        "name": "EdgeCenterVideoBufferHandlerMode",
                        "printedName": "EdgeCenterVideoBufferHandler.EdgeCenterVideoBufferHandlerMode",
                        "usr": "s:28EdgeCenterVideoBufferHandler0abcdE4ModeO"
                      }
                    ]
                  }
                ]
              }
            ],
            "declKind": "EnumElement",
            "usr": "s:28EdgeCenterVideoBufferHandler0abcdE4ModeO19backgroundWithImageyA2CmF",
            "mangledName": "$s28EdgeCenterVideoBufferHandler0abcdE4ModeO19backgroundWithImageyA2CmF",
            "moduleName": "EdgeCenterVideoBufferHandler",
            "intro_iOS": "15",
            "declAttributes": [
              "Available"
            ]
          },
          {
            "kind": "Function",
            "name": "==",
            "printedName": "==(_:_:)",
            "children": [
              {
                "kind": "TypeNominal",
                "name": "Bool",
                "printedName": "Swift.Bool",
                "usr": "s:Sb"
              },
              {
                "kind": "TypeNominal",
                "name": "EdgeCenterVideoBufferHandlerMode",
                "printedName": "EdgeCenterVideoBufferHandler.EdgeCenterVideoBufferHandlerMode",
                "usr": "s:28EdgeCenterVideoBufferHandler0abcdE4ModeO"
              },
              {
                "kind": "TypeNominal",
                "name": "EdgeCenterVideoBufferHandlerMode",
                "printedName": "EdgeCenterVideoBufferHandler.EdgeCenterVideoBufferHandlerMode",
                "usr": "s:28EdgeCenterVideoBufferHandler0abcdE4ModeO"
              }
            ],
            "declKind": "Func",
            "usr": "s:28EdgeCenterVideoBufferHandler0abcdE4ModeO2eeoiySbAC_ACtFZ",
            "mangledName": "$s28EdgeCenterVideoBufferHandler0abcdE4ModeO2eeoiySbAC_ACtFZ",
            "moduleName": "EdgeCenterVideoBufferHandler",
            "static": true,
            "implicit": true,
            "funcSelfKind": "NonMutating"
          },
          {
            "kind": "Var",
            "name": "hashValue",
            "printedName": "hashValue",
            "children": [
              {
                "kind": "TypeNominal",
                "name": "Int",
                "printedName": "Swift.Int",
                "usr": "s:Si"
              }
            ],
            "declKind": "Var",
            "usr": "s:28EdgeCenterVideoBufferHandler0abcdE4ModeO9hashValueSivp",
            "mangledName": "$s28EdgeCenterVideoBufferHandler0abcdE4ModeO9hashValueSivp",
            "moduleName": "EdgeCenterVideoBufferHandler",
            "implicit": true,
            "accessors": [
              {
                "kind": "Accessor",
                "name": "Get",
                "printedName": "Get()",
                "children": [
                  {
                    "kind": "TypeNominal",
                    "name": "Int",
                    "printedName": "Swift.Int",
                    "usr": "s:Si"
                  }
                ],
                "declKind": "Accessor",
                "usr": "s:28EdgeCenterVideoBufferHandler0abcdE4ModeO9hashValueSivg",
                "mangledName": "$s28EdgeCenterVideoBufferHandler0abcdE4ModeO9hashValueSivg",
                "moduleName": "EdgeCenterVideoBufferHandler",
                "implicit": true,
                "accessorKind": "get"
              }
            ]
          },
          {
            "kind": "Function",
            "name": "hash",
            "printedName": "hash(into:)",
            "children": [
              {
                "kind": "TypeNominal",
                "name": "Void",
                "printedName": "()"
              },
              {
                "kind": "TypeNominal",
                "name": "Hasher",
                "printedName": "Swift.Hasher",
                "paramValueOwnership": "InOut",
                "usr": "s:s6HasherV"
              }
            ],
            "declKind": "Func",
            "usr": "s:28EdgeCenterVideoBufferHandler0abcdE4ModeO4hash4intoys6HasherVz_tF",
            "mangledName": "$s28EdgeCenterVideoBufferHandler0abcdE4ModeO4hash4intoys6HasherVz_tF",
            "moduleName": "EdgeCenterVideoBufferHandler",
            "implicit": true,
            "funcSelfKind": "NonMutating"
          }
        ],
        "declKind": "Enum",
        "usr": "s:28EdgeCenterVideoBufferHandler0abcdE4ModeO",
        "mangledName": "$s28EdgeCenterVideoBufferHandler0abcdE4ModeO",
        "moduleName": "EdgeCenterVideoBufferHandler",
        "declAttributes": [
          "AccessControl"
        ],
        "conformances": [
          {
            "kind": "Conformance",
            "name": "Equatable",
            "printedName": "Equatable",
            "usr": "s:SQ",
            "mangledName": "$sSQ"
          },
          {
            "kind": "Conformance",
            "name": "Hashable",
            "printedName": "Hashable",
            "usr": "s:SH",
            "mangledName": "$sSH"
          }
        ]
      },
      {
        "kind": "Import",
        "name": "UIKit",
        "printedName": "UIKit",
        "declKind": "Import",
        "moduleName": "EdgeCenterVideoBufferHandler"
      },
      {
        "kind": "Import",
        "name": "AVFoundation",
        "printedName": "AVFoundation",
        "declKind": "Import",
        "moduleName": "EdgeCenterVideoBufferHandler"
      },
      {
        "kind": "Import",
        "name": "VideoToolbox",
        "printedName": "VideoToolbox",
        "declKind": "Import",
        "moduleName": "EdgeCenterVideoBufferHandler"
      },
      {
        "kind": "TypeDecl",
        "name": "ECBufferHandler",
        "printedName": "ECBufferHandler",
        "children": [
          {
            "kind": "Var",
            "name": "mode",
            "printedName": "mode",
            "children": [
              {
                "kind": "TypeNominal",
                "name": "EdgeCenterVideoBufferHandlerMode",
                "printedName": "EdgeCenterVideoBufferHandler.EdgeCenterVideoBufferHandlerMode",
                "usr": "s:28EdgeCenterVideoBufferHandler0abcdE4ModeO"
              }
            ],
            "declKind": "Var",
            "usr": "s:28EdgeCenterVideoBufferHandler08ECBufferE0C4modeAA0abcdE4ModeOvp",
            "mangledName": "$s28EdgeCenterVideoBufferHandler08ECBufferE0C4modeAA0abcdE4ModeOvp",
            "moduleName": "EdgeCenterVideoBufferHandler",
            "declAttributes": [
              "HasInitialValue",
              "Final",
              "HasStorage",
              "AccessControl",
              "RawDocComment"
            ],
            "hasStorage": true,
            "accessors": [
              {
                "kind": "Accessor",
                "name": "Get",
                "printedName": "Get()",
                "children": [
                  {
                    "kind": "TypeNominal",
                    "name": "EdgeCenterVideoBufferHandlerMode",
                    "printedName": "EdgeCenterVideoBufferHandler.EdgeCenterVideoBufferHandlerMode",
                    "usr": "s:28EdgeCenterVideoBufferHandler0abcdE4ModeO"
                  }
                ],
                "declKind": "Accessor",
                "usr": "s:28EdgeCenterVideoBufferHandler08ECBufferE0C4modeAA0abcdE4ModeOvg",
                "mangledName": "$s28EdgeCenterVideoBufferHandler08ECBufferE0C4modeAA0abcdE4ModeOvg",
                "moduleName": "EdgeCenterVideoBufferHandler",
                "implicit": true,
                "declAttributes": [
                  "Final"
                ],
                "accessorKind": "get"
              },
              {
                "kind": "Accessor",
                "name": "Set",
                "printedName": "Set()",
                "children": [
                  {
                    "kind": "TypeNominal",
                    "name": "Void",
                    "printedName": "()"
                  },
                  {
                    "kind": "TypeNominal",
                    "name": "EdgeCenterVideoBufferHandlerMode",
                    "printedName": "EdgeCenterVideoBufferHandler.EdgeCenterVideoBufferHandlerMode",
                    "usr": "s:28EdgeCenterVideoBufferHandler0abcdE4ModeO"
                  }
                ],
                "declKind": "Accessor",
                "usr": "s:28EdgeCenterVideoBufferHandler08ECBufferE0C4modeAA0abcdE4ModeOvs",
                "mangledName": "$s28EdgeCenterVideoBufferHandler08ECBufferE0C4modeAA0abcdE4ModeOvs",
                "moduleName": "EdgeCenterVideoBufferHandler",
                "implicit": true,
                "declAttributes": [
                  "Final"
                ],
                "accessorKind": "set"
              },
              {
                "kind": "Accessor",
                "name": "Modify",
                "printedName": "Modify()",
                "children": [
                  {
                    "kind": "TypeNominal",
                    "name": "Void",
                    "printedName": "()"
                  }
                ],
                "declKind": "Accessor",
                "usr": "s:28EdgeCenterVideoBufferHandler08ECBufferE0C4modeAA0abcdE4ModeOvM",
                "mangledName": "$s28EdgeCenterVideoBufferHandler08ECBufferE0C4modeAA0abcdE4ModeOvM",
                "moduleName": "EdgeCenterVideoBufferHandler",
                "implicit": true,
                "declAttributes": [
                  "Final"
                ],
                "accessorKind": "_modify"
              }
            ]
          },
          {
            "kind": "Constructor",
            "name": "init",
            "printedName": "init()",
            "children": [
              {
                "kind": "TypeNominal",
                "name": "ECBufferHandler",
                "printedName": "EdgeCenterVideoBufferHandler.ECBufferHandler",
                "usr": "s:28EdgeCenterVideoBufferHandler08ECBufferE0C"
              }
            ],
            "declKind": "Constructor",
            "usr": "s:28EdgeCenterVideoBufferHandler08ECBufferE0CACycfc",
            "mangledName": "$s28EdgeCenterVideoBufferHandler08ECBufferE0CACycfc",
            "moduleName": "EdgeCenterVideoBufferHandler",
            "declAttributes": [
              "AccessControl",
              "RawDocComment"
            ],
            "init_kind": "Designated"
          },
          {
            "kind": "Function",
            "name": "setBackgroundImage",
            "printedName": "setBackgroundImage(_:)",
            "children": [
              {
                "kind": "TypeNominal",
                "name": "Void",
                "printedName": "()"
              },
              {
                "kind": "TypeNominal",
                "name": "Optional",
                "printedName": "UIKit.UIImage?",
                "children": [
                  {
                    "kind": "TypeNominal",
                    "name": "UIImage",
                    "printedName": "UIKit.UIImage",
                    "usr": "c:objc(cs)UIImage"
                  }
                ],
                "usr": "s:Sq"
              }
            ],
            "declKind": "Func",
            "usr": "s:28EdgeCenterVideoBufferHandler08ECBufferE0C18setBackgroundImageyySo7UIImageCSgF",
            "mangledName": "$s28EdgeCenterVideoBufferHandler08ECBufferE0C18setBackgroundImageyySo7UIImageCSgF",
            "moduleName": "EdgeCenterVideoBufferHandler",
            "declAttributes": [
              "Final",
              "AccessControl",
              "RawDocComment"
            ],
            "funcSelfKind": "NonMutating"
          },
          {
            "kind": "Function",
            "name": "setBlurRadius",
            "printedName": "setBlurRadius(_:)",
            "children": [
              {
                "kind": "TypeNominal",
                "name": "Void",
                "printedName": "()"
              },
              {
                "kind": "TypeNominal",
                "name": "Double",
                "printedName": "Swift.Double",
                "usr": "s:Sd"
              }
            ],
            "declKind": "Func",
            "usr": "s:28EdgeCenterVideoBufferHandler08ECBufferE0C13setBlurRadiusyySdF",
            "mangledName": "$s28EdgeCenterVideoBufferHandler08ECBufferE0C13setBlurRadiusyySdF",
            "moduleName": "EdgeCenterVideoBufferHandler",
            "declAttributes": [
              "Final",
              "AccessControl"
            ],
            "funcSelfKind": "NonMutating"
          },
          {
            "kind": "Function",
            "name": "proccessBuffer",
            "printedName": "proccessBuffer(_:)",
            "children": [
              {
                "kind": "TypeNominal",
                "name": "Void",
                "printedName": "()"
              },
              {
                "kind": "TypeNominal",
                "name": "CVBuffer",
                "printedName": "CoreVideo.CVBuffer",
                "usr": "c:@T@CVBufferRef"
              }
            ],
            "declKind": "Func",
            "usr": "s:28EdgeCenterVideoBufferHandler08ECBufferE0C08proccessD0yySo11CVBufferRefaF",
            "mangledName": "$s28EdgeCenterVideoBufferHandler08ECBufferE0C08proccessD0yySo11CVBufferRefaF",
            "moduleName": "EdgeCenterVideoBufferHandler",
            "declAttributes": [
              "Final",
              "AccessControl"
            ],
            "funcSelfKind": "NonMutating"
          }
        ],
        "declKind": "Class",
        "usr": "s:28EdgeCenterVideoBufferHandler08ECBufferE0C",
        "mangledName": "$s28EdgeCenterVideoBufferHandler08ECBufferE0C",
        "moduleName": "EdgeCenterVideoBufferHandler",
        "declAttributes": [
          "Final",
          "AccessControl"
        ]
      },
      {
        "kind": "Import",
        "name": "AVFoundation",
        "printedName": "AVFoundation",
        "declKind": "Import",
        "moduleName": "EdgeCenterVideoBufferHandler"
      },
      {
        "kind": "Import",
        "name": "Foundation",
        "printedName": "Foundation",
        "declKind": "Import",
        "moduleName": "EdgeCenterVideoBufferHandler"
      },
      {
        "kind": "Import",
        "name": "AVFoundation",
        "printedName": "AVFoundation",
        "declKind": "Import",
        "moduleName": "EdgeCenterVideoBufferHandler"
      },
      {
        "kind": "Import",
        "name": "CoreImage",
        "printedName": "CoreImage",
        "declKind": "Import",
        "moduleName": "EdgeCenterVideoBufferHandler"
      }
    ],
    "json_format_version": 8
  },
  "ConstValues": [
    {
      "filePath": "\/Users\/maximmyakishev\/Documents\/video_buffer_handler_ios\/EdgeCenterVideoBufferHandler\/EdgeCenterVideoBufferHandler\/MaskDetector\/VisionWrapper.swift",
      "kind": "BooleanLiteral",
      "offset": 149,
      "length": 5,
      "value": "false"
    },
    {
      "filePath": "\/Users\/maximmyakishev\/Documents\/video_buffer_handler_ios\/EdgeCenterVideoBufferHandler\/EdgeCenterVideoBufferHandler\/MaskDetector\/VisionWrapper.swift",
      "kind": "StringLiteral",
      "offset": 252,
      "length": 19,
      "value": "\"Face Detect Queue\""
    },
    {
      "filePath": "\/Users\/maximmyakishev\/Documents\/video_buffer_handler_ios\/EdgeCenterVideoBufferHandler\/EdgeCenterVideoBufferHandler\/FilterService\/FilterService.swift",
      "kind": "IntegerLiteral",
      "offset": 135,
      "length": 2,
      "value": "10"
    },
    {
      "filePath": "\/Users\/maximmyakishev\/Documents\/video_buffer_handler_ios\/EdgeCenterVideoBufferHandler\/EdgeCenterVideoBufferHandler\/FilterService\/FilterService.swift",
      "kind": "BooleanLiteral",
      "offset": 224,
      "length": 5,
      "value": "false"
    },
    {
      "filePath": "\/Users\/maximmyakishev\/Documents\/video_buffer_handler_ios\/EdgeCenterVideoBufferHandler\/EdgeCenterVideoBufferHandler\/EdgeCenterVideoBufferHandler.swift",
      "kind": "BooleanLiteral",
      "offset": 366,
      "length": 5,
      "value": "false"
    },
    {
      "filePath": "\/Users\/maximmyakishev\/Documents\/video_buffer_handler_ios\/EdgeCenterVideoBufferHandler\/EdgeCenterVideoBufferHandler\/EdgeCenterVideoBufferHandler.swift",
      "kind": "IntegerLiteral",
      "offset": 409,
      "length": 1,
      "value": "0"
    },
    {
      "filePath": "\/Users\/maximmyakishev\/Documents\/video_buffer_handler_ios\/EdgeCenterVideoBufferHandler\/EdgeCenterVideoBufferHandler\/EdgeCenterVideoBufferHandler.swift",
      "kind": "IntegerLiteral",
      "offset": 450,
      "length": 2,
      "value": "10"
    },
    {
      "filePath": "\/Users\/maximmyakishev\/Documents\/video_buffer_handler_ios\/EdgeCenterVideoBufferHandler\/EdgeCenterVideoBufferHandler\/EdgeCenterVideoBufferHandler.swift",
      "kind": "StringLiteral",
      "offset": 636,
      "length": 28,
      "value": "\"cannot create metal device\""
    }
  ]
}